{"stat.chestOpened":4,"stat.pickup.minecraft.sand":13,"stat.walkOneCm":38391,"stat.craftItem.minecraft.bed":1,"stat.craftItem.minecraft.planks":8,"stat.leaveGame":1,"stat.pickup.minecraft.wooden_pickaxe":1,"stat.damageTaken":320,"stat.craftItem.minecraft.crafting_table":1,"stat.useItem.minecraft.wooden_pickaxe":1,"stat.pickup.minecraft.cobblestone":3,"stat.mobKills":5,"stat.mineBlock.minecraft.log":2,"stat.entityKilledBy.Creeper":1,"stat.pickup.minecraft.planks":3,"stat.pickup.minecraft.log":2,"stat.flyOneCm":93200,"stat.pickup.minecraft.bed":2,"stat.deaths":1,"stat.useItem.minecraft.mutton":1,"stat.pickup.minecraft.wheat_seeds":1,"stat.drop":1,"stat.jump":393,"stat.swimOneCm":967,"stat.mineBlock.minecraft.sand":13,"stat.useItem.minecraft.sand":12,"stat.playOneMinute":17724,"stat.fallOneCm":12289,"stat.useItem.minecraft.planks":1,"stat.drop.minecraft.wheat_seeds":1,"stat.killEntity.Sheep":4,"stat.sneakTime":13,"stat.pickup.minecraft.wool":4,"stat.damageDealt":577,"stat.sleepInBed":4,"stat.killEntity.Zombie":1,"stat.timeSinceDeath":6059,"stat.pickup.minecraft.dirt":12,"stat.sprintOneCm":27764,"stat.useItem.minecraft.stone_slab2":5,"stat.mineBlock.minecraft.tallgrass":15,"stat.pickup.minecraft.mutton":5,"stat.craftingTableInteraction":1}