{"stat.chestOpened":4,"stat.leaveGame":2,"stat.useItem.minecraft.mutton":1,"stat.jump":402,"stat.swimOneCm":967,"stat.useItem.minecraft.sand":12,"stat.fallOneCm":12498,"stat.useItem.minecraft.planks":1,"stat.pickup.minecraft.dirt":12,"stat.useItem.minecraft.stone_slab2":5,"stat.craftingTableInteraction":1,"stat.pickup.minecraft.sand":13,"stat.pickup.minecraft.wooden_pickaxe":1,"stat.damageTaken":320,"stat.useItem.minecraft.wooden_pickaxe":1,"stat.pickup.minecraft.cobblestone":3,"stat.pickup.minecraft.planks":3,"stat.flyOneCm":94418,"stat.pickup.minecraft.bed":2,"stat.pickup.minecraft.wheat_seeds":1,"stat.mineBlock.minecraft.sand":13,"stat.drop.minecraft.wheat_seeds":1,"stat.damageDealt":577,"stat.sleepInBed":4,"stat.timeSinceDeath":7607,"stat.pickup.minecraft.mutton":5,"stat.walkOneCm":40282,"stat.craftItem.minecraft.bed":1,"stat.craftItem.minecraft.crafting_table":2,"stat.pickup.minecraft.log":5,"stat.sprintOneCm":28646,"stat.craftItem.minecraft.planks":20,"stat.mobKills":5,"stat.mineBlock.minecraft.log":5,"stat.entityKilledBy.Creeper":1,"stat.deaths":1,"stat.drop":1,"stat.playOneMinute":19272,"stat.killEntity.Sheep":4,"stat.sneakTime":13,"stat.pickup.minecraft.wool":4,"stat.killEntity.Zombie":1,"stat.mineBlock.minecraft.tallgrass":16}