{"stat.walkOneCm":25714,"stat.craftItem.minecraft.bed":1,"stat.craftItem.minecraft.planks":8,"stat.pickup.minecraft.wooden_pickaxe":1,"stat.damageTaken":190,"stat.craftItem.minecraft.crafting_table":1,"stat.useItem.minecraft.wooden_pickaxe":1,"stat.pickup.minecraft.cobblestone":3,"stat.mobKills":5,"stat.mineBlock.minecraft.log":2,"stat.pickup.minecraft.planks":3,"stat.pickup.minecraft.log":2,"stat.flyOneCm":44938,"stat.pickup.minecraft.bed":2,"stat.useItem.minecraft.mutton":1,"stat.pickup.minecraft.wheat_seeds":1,"stat.drop":1,"stat.jump":193,"stat.playOneMinute":11615,"stat.fallOneCm":5275,"stat.useItem.minecraft.planks":1,"stat.drop.minecraft.wheat_seeds":1,"stat.killEntity.Sheep":4,"stat.sneakTime":13,"stat.pickup.minecraft.wool":4,"stat.damageDealt":577,"stat.sleepInBed":4,"stat.killEntity.Zombie":1,"stat.timeSinceDeath":11615,"stat.pickup.minecraft.dirt":12,"stat.sprintOneCm":15253,"stat.useItem.minecraft.stone_slab2":4,"stat.mineBlock.minecraft.tallgrass":13,"stat.pickup.minecraft.mutton":5,"stat.craftingTableInteraction":1}