{"stat.walkOneCm":37670,"stat.craftItem.minecraft.bed":1,"stat.pickup.minecraft.stick":2,"stat.useItem.minecraft.potato":2,"stat.pickup.minecraft.arrow":2,"stat.pickup.minecraft.crafting_table":3,"stat.craftItem.minecraft.crafting_table":1,"stat.mineBlock.minecraft.double_plant":3,"stat.useItem.minecraft.porkchop":2,"stat.pickup.minecraft.log":12,"stat.swimOneCm":292,"stat.jump":402,"stat.fallOneCm":10345,"stat.useItem.minecraft.stone_axe":19,"stat.pickup.minecraft.porkchop":32,"stat.crouchOneCm":170,"stat.pickup.minecraft.dirt":11,"stat.useItem.minecraft.dirt":3,"stat.sprintOneCm":43112,"stat.useItem.minecraft.stone_slab2":5,"stat.craftItem.minecraft.stick":8,"stat.craftingTableInteraction":7,"stat.pickup.minecraft.rotten_flesh":2,"stat.pickup.minecraft.beetroot":6,"stat.craftItem.minecraft.planks":16,"stat.craftItem.minecraft.stone_axe":1,"stat.useItem.minecraft.wheat_seeds":7,"stat.damageTaken":145,"stat.mineBlock.minecraft.crafting_table":3,"stat.craftItem.minecraft.stone_pickaxe":1,"stat.useItem.minecraft.wooden_pickaxe":3,"stat.mobKills":26,"stat.pickup.minecraft.cobblestone":18,"stat.mineBlock.minecraft.log":12,"stat.craftItem.minecraft.stone_sword":1,"stat.flyOneCm":76934,"stat.pickup.minecraft.bed":2,"stat.pickup.minecraft.wheat_seeds":16,"stat.mineBlock.minecraft.leaves":1,"stat.pickup.minecraft.beetroot_seeds":11,"stat.pickup.minecraft.potato":7,"stat.playOneMinute":35784,"stat.useItem.minecraft.stone_pickaxe":15,"stat.killEntity.Sheep":7,"stat.useItem.minecraft.beetroot_seeds":6,"stat.sneakTime":105,"stat.useItem.minecraft.stone_sword":57,"stat.pickup.minecraft.wool":7,"stat.damageDealt":2539,"stat.killEntity.Zombie":1,"stat.sleepInBed":1,"stat.timeSinceDeath":35784,"stat.mineBlock.minecraft.dirt":11,"stat.craftItem.minecraft.wooden_pickaxe":1,"stat.mineBlock.minecraft.stone":18,"stat.killEntity.Pig":18,"stat.mineBlock.minecraft.tallgrass":14,"stat.pickup.minecraft.mutton":10,"stat.useItem.minecraft.beetroot":6,"stat.diveOneCm":9,"stat.pickup.minecraft.wheat":6}