{"stat.pickup.minecraft.bone":2,"stat.leaveGame":2,"stat.swimOneCm":10228,"stat.craftItem.minecraft.shield":1,"stat.pickup.minecraft.cooked_porkchop":10,"stat.pickup.minecraft.porkchop":34,"stat.useItem.minecraft.dirt":3,"stat.useItem.minecraft.stone_slab2":19,"stat.pickup.minecraft.bow":1,"stat.useItem.minecraft.water_bucket":11,"stat.pickup.minecraft.rotten_flesh":2,"stat.craftItem.minecraft.furnace":2,"stat.craftItem.minecraft.stone_axe":1,"stat.craftItem.minecraft.iron_boots":1,"stat.craftItem.minecraft.stone_pickaxe":3,"stat.pickup.minecraft.cobblestone":305,"stat.craftItem.minecraft.stone_sword":1,"stat.flyOneCm":232328,"stat.pickup.minecraft.redstone":24,"stat.mineBlock.minecraft.iron_ore":48,"stat.timeSinceDeath":88594,"stat.useItem.minecraft.iron_pickaxe":223,"stat.craftItem.minecraft.wooden_pickaxe":1,"stat.pickup.minecraft.mutton":31,"stat.craftItem.minecraft.bed":1,"stat.useItem.minecraft.potato":2,"stat.furnaceInteraction":15,"stat.useItem.minecraft.cooked_porkchop":5,"stat.mineBlock.minecraft.coal_ore":48,"stat.pickup.minecraft.beef":8,"stat.pickup.minecraft.furnace":4,"stat.craftItem.minecraft.stone_slab2":0,"stat.sprintOneCm":126137,"stat.craftItem.minecraft.stick":28,"stat.mineBlock.minecraft.diamond_ore":4,"stat.useItem.minecraft.wheat_seeds":7,"stat.mineBlock.minecraft.crafting_table":8,"stat.useItem.minecraft.bucket":12,"stat.drop":1,"stat.playOneMinute":88594,"stat.killEntity.Sheep":8,"stat.craftItem.minecraft.iron_pickaxe":1,"stat.killEntity.Zombie":1,"stat.mineBlock.minecraft.gold_ore":9,"stat.mineBlock.minecraft.tallgrass":21,"stat.craftItem.minecraft.cooked_mutton":11,"stat.diveOneCm":5643,"stat.pickup.minecraft.wheat":6,"stat.chestOpened":1,"stat.pickup.minecraft.arrow":4,"stat.craftItem.minecraft.cooked_porkchop":18,"stat.useItem.minecraft.porkchop":2,"stat.jump":1133,"stat.pickup.minecraft.coal":71,"stat.fallOneCm":19764,"stat.useItem.minecraft.stone_axe":25,"stat.drop.minecraft.stone_sword":1,"stat.craftItem.minecraft.bread":2,"stat.crouchOneCm":18413,"stat.craftItem.minecraft.torch":28,"stat.craftItem.minecraft.iron_ingot":35,"stat.craftItem.minecraft.chest":1,"stat.pickup.minecraft.dirt":14,"stat.craftItem.minecraft.iron_helmet":1,"stat.craftingTableInteraction":17,"stat.pickup.minecraft.iron_ore":48,"stat.pickup.minecraft.gold_ore":9,"stat.mineBlock.minecraft.lapis_ore":14,"stat.damageTaken":325,"stat.pickup.minecraft.leather":2,"stat.pickup.minecraft.feather":2,"stat.mineBlock.minecraft.torch":3,"stat.mineBlock.minecraft.furnace":4,"stat.useItem.minecraft.wooden_pickaxe":3,"stat.useItem.minecraft.furnace":2,"stat.pickup.minecraft.dye":64,"stat.pickup.minecraft.planks":2,"stat.pickup.minecraft.bed":5,"stat.pickup.minecraft.wheat_seeds":16,"stat.pickup.minecraft.potato":7,"stat.useItem.minecraft.stone_pickaxe":222,"stat.useItem.minecraft.stone_sword":70,"stat.craftItem.minecraft.iron_leggings":1,"stat.damageDealt":3523,"stat.sleepInBed":4,"stat.killEntity.Cow":4,"stat.mineBlock.minecraft.dirt":14,"stat.killEntity.Pig":18,"stat.craftItem.minecraft.iron_sword":1,"stat.walkOneCm":86833,"stat.useItem.minecraft.torch":29,"stat.useItem.minecraft.bread":1,"stat.pickup.minecraft.stick":2,"stat.pickup.minecraft.crafting_table":8,"stat.useItem.minecraft.cobblestone":41,"stat.craftItem.minecraft.crafting_table":1,"stat.mineBlock.minecraft.double_plant":4,"stat.pickup.minecraft.log":14,"stat.pickup.minecraft.stone":6,"stat.craftItem.minecraft.iron_chestplate":1,"stat.pickup.minecraft.chicken":5,"stat.killEntity.Skeleton":1,"stat.pickup.minecraft.beetroot":6,"stat.craftItem.minecraft.bucket":1,"stat.craftItem.minecraft.planks":48,"stat.useItem.minecraft.iron_sword":20,"stat.killEntity.Chicken":5,"stat.pickup.minecraft.stone_sword":1,"stat.mobKills":38,"stat.mineBlock.minecraft.log":12,"stat.pickup.minecraft.diamond":4,"stat.mineBlock.minecraft.leaves":1,"stat.pickup.minecraft.beetroot_seeds":11,"stat.pickup.minecraft.torch":3,"stat.useItem.minecraft.beetroot_seeds":6,"stat.mineBlock.minecraft.redstone_ore":5,"stat.sneakTime":7272,"stat.pickup.minecraft.wool":8,"stat.mineBlock.minecraft.stone":313,"stat.useItem.minecraft.beetroot":6}