{"stat.pickup.minecraft.bone":2,"stat.pickup.minecraft.arrow":4,"stat.craftItem.minecraft.cooked_porkchop":18,"stat.useItem.minecraft.porkchop":2,"stat.swimOneCm":3300,"stat.jump":642,"stat.pickup.minecraft.coal":56,"stat.fallOneCm":13569,"stat.craftItem.minecraft.shield":1,"stat.pickup.minecraft.cooked_porkchop":10,"stat.useItem.minecraft.stone_axe":21,"stat.pickup.minecraft.porkchop":34,"stat.crouchOneCm":9634,"stat.craftItem.minecraft.torch":28,"stat.craftItem.minecraft.iron_ingot":9,"stat.pickup.minecraft.dirt":12,"stat.useItem.minecraft.dirt":3,"stat.useItem.minecraft.stone_slab2":12,"stat.pickup.minecraft.bow":1,"stat.useItem.minecraft.water_bucket":1,"stat.craftingTableInteraction":12,"stat.pickup.minecraft.iron_ore":43,"stat.pickup.minecraft.rotten_flesh":2,"stat.craftItem.minecraft.furnace":2,"stat.pickup.minecraft.gold_ore":4,"stat.mineBlock.minecraft.lapis_ore":6,"stat.craftItem.minecraft.stone_axe":1,"stat.damageTaken":265,"stat.craftItem.minecraft.stone_pickaxe":3,"stat.mineBlock.minecraft.torch":3,"stat.mineBlock.minecraft.furnace":2,"stat.useItem.minecraft.wooden_pickaxe":3,"stat.useItem.minecraft.furnace":2,"stat.pickup.minecraft.cobblestone":172,"stat.pickup.minecraft.dye":36,"stat.pickup.minecraft.planks":2,"stat.craftItem.minecraft.stone_sword":1,"stat.flyOneCm":112479,"stat.pickup.minecraft.bed":3,"stat.pickup.minecraft.wheat_seeds":16,"stat.pickup.minecraft.potato":7,"stat.useItem.minecraft.stone_pickaxe":203,"stat.useItem.minecraft.stone_sword":70,"stat.damageDealt":2913,"stat.pickup.minecraft.redstone":24,"stat.mineBlock.minecraft.iron_ore":43,"stat.sleepInBed":2,"stat.timeSinceDeath":60084,"stat.mineBlock.minecraft.dirt":12,"stat.useItem.minecraft.iron_pickaxe":79,"stat.killEntity.Pig":18,"stat.craftItem.minecraft.wooden_pickaxe":1,"stat.pickup.minecraft.mutton":31,"stat.walkOneCm":65445,"stat.craftItem.minecraft.bed":1,"stat.useItem.minecraft.torch":17,"stat.pickup.minecraft.stick":2,"stat.useItem.minecraft.potato":2,"stat.pickup.minecraft.crafting_table":5,"stat.useItem.minecraft.cobblestone":39,"stat.craftItem.minecraft.crafting_table":1,"stat.furnaceInteraction":13,"stat.mineBlock.minecraft.double_plant":3,"stat.useItem.minecraft.cooked_porkchop":3,"stat.mineBlock.minecraft.coal_ore":42,"stat.pickup.minecraft.log":14,"stat.pickup.minecraft.furnace":2,"stat.craftItem.minecraft.stone_slab2":0,"stat.pickup.minecraft.stone":5,"stat.sprintOneCm":70250,"stat.craftItem.minecraft.stick":28,"stat.killEntity.Skeleton":1,"stat.pickup.minecraft.beetroot":6,"stat.craftItem.minecraft.bucket":1,"stat.craftItem.minecraft.planks":48,"stat.mineBlock.minecraft.diamond_ore":4,"stat.useItem.minecraft.wheat_seeds":7,"stat.mineBlock.minecraft.crafting_table":5,"stat.mobKills":29,"stat.mineBlock.minecraft.log":12,"stat.useItem.minecraft.bucket":2,"stat.pickup.minecraft.diamond":4,"stat.mineBlock.minecraft.leaves":1,"stat.pickup.minecraft.beetroot_seeds":11,"stat.playOneMinute":60084,"stat.pickup.minecraft.torch":3,"stat.killEntity.Sheep":8,"stat.useItem.minecraft.beetroot_seeds":6,"stat.mineBlock.minecraft.redstone_ore":5,"stat.sneakTime":4089,"stat.craftItem.minecraft.iron_pickaxe":1,"stat.pickup.minecraft.wool":8,"stat.killEntity.Zombie":1,"stat.mineBlock.minecraft.stone":178,"stat.mineBlock.minecraft.gold_ore":4,"stat.mineBlock.minecraft.tallgrass":15,"stat.craftItem.minecraft.cooked_mutton":11,"stat.useItem.minecraft.beetroot":6,"stat.diveOneCm":2402,"stat.pickup.minecraft.wheat":6}