{"stat.pickup.minecraft.bone":2,"stat.pickup.minecraft.arrow":4,"stat.craftItem.minecraft.cooked_porkchop":18,"stat.useItem.minecraft.porkchop":2,"stat.swimOneCm":7637,"stat.jump":879,"stat.pickup.minecraft.coal":71,"stat.fallOneCm":14391,"stat.craftItem.minecraft.shield":1,"stat.pickup.minecraft.cooked_porkchop":10,"stat.useItem.minecraft.stone_axe":23,"stat.drop.minecraft.stone_sword":1,"stat.pickup.minecraft.porkchop":34,"stat.crouchOneCm":17351,"stat.craftItem.minecraft.torch":28,"stat.craftItem.minecraft.iron_ingot":35,"stat.pickup.minecraft.dirt":14,"stat.useItem.minecraft.dirt":3,"stat.craftItem.minecraft.iron_helmet":1,"stat.useItem.minecraft.stone_slab2":14,"stat.pickup.minecraft.bow":1,"stat.useItem.minecraft.water_bucket":11,"stat.craftingTableInteraction":15,"stat.pickup.minecraft.iron_ore":48,"stat.pickup.minecraft.rotten_flesh":2,"stat.craftItem.minecraft.furnace":2,"stat.pickup.minecraft.gold_ore":9,"stat.mineBlock.minecraft.lapis_ore":14,"stat.craftItem.minecraft.stone_axe":1,"stat.craftItem.minecraft.iron_boots":1,"stat.damageTaken":285,"stat.pickup.minecraft.leather":2,"stat.craftItem.minecraft.stone_pickaxe":3,"stat.mineBlock.minecraft.torch":3,"stat.mineBlock.minecraft.furnace":4,"stat.useItem.minecraft.wooden_pickaxe":3,"stat.useItem.minecraft.furnace":2,"stat.pickup.minecraft.cobblestone":305,"stat.pickup.minecraft.dye":64,"stat.pickup.minecraft.planks":2,"stat.craftItem.minecraft.stone_sword":1,"stat.flyOneCm":151001,"stat.pickup.minecraft.bed":4,"stat.pickup.minecraft.wheat_seeds":16,"stat.pickup.minecraft.potato":7,"stat.useItem.minecraft.stone_pickaxe":222,"stat.useItem.minecraft.stone_sword":70,"stat.craftItem.minecraft.iron_leggings":1,"stat.damageDealt":3313,"stat.pickup.minecraft.redstone":24,"stat.mineBlock.minecraft.iron_ore":48,"stat.sleepInBed":3,"stat.timeSinceDeath":72684,"stat.killEntity.Cow":4,"stat.mineBlock.minecraft.dirt":14,"stat.useItem.minecraft.iron_pickaxe":223,"stat.killEntity.Pig":18,"stat.craftItem.minecraft.wooden_pickaxe":1,"stat.pickup.minecraft.mutton":31,"stat.craftItem.minecraft.iron_sword":1,"stat.walkOneCm":72288,"stat.craftItem.minecraft.bed":1,"stat.useItem.minecraft.torch":29,"stat.pickup.minecraft.stick":2,"stat.useItem.minecraft.potato":2,"stat.pickup.minecraft.crafting_table":7,"stat.useItem.minecraft.cobblestone":39,"stat.craftItem.minecraft.crafting_table":1,"stat.furnaceInteraction":15,"stat.mineBlock.minecraft.double_plant":3,"stat.useItem.minecraft.cooked_porkchop":5,"stat.mineBlock.minecraft.coal_ore":48,"stat.pickup.minecraft.log":14,"stat.pickup.minecraft.beef":8,"stat.pickup.minecraft.furnace":4,"stat.craftItem.minecraft.stone_slab2":0,"stat.pickup.minecraft.stone":6,"stat.craftItem.minecraft.iron_chestplate":1,"stat.sprintOneCm":93775,"stat.craftItem.minecraft.stick":28,"stat.killEntity.Skeleton":1,"stat.pickup.minecraft.beetroot":6,"stat.craftItem.minecraft.bucket":1,"stat.craftItem.minecraft.planks":48,"stat.useItem.minecraft.iron_sword":10,"stat.mineBlock.minecraft.diamond_ore":4,"stat.useItem.minecraft.wheat_seeds":7,"stat.mineBlock.minecraft.crafting_table":7,"stat.pickup.minecraft.stone_sword":1,"stat.mobKills":33,"stat.mineBlock.minecraft.log":12,"stat.useItem.minecraft.bucket":12,"stat.pickup.minecraft.diamond":4,"stat.drop":1,"stat.mineBlock.minecraft.leaves":1,"stat.pickup.minecraft.beetroot_seeds":11,"stat.playOneMinute":72684,"stat.pickup.minecraft.torch":3,"stat.killEntity.Sheep":8,"stat.useItem.minecraft.beetroot_seeds":6,"stat.mineBlock.minecraft.redstone_ore":5,"stat.sneakTime":6925,"stat.craftItem.minecraft.iron_pickaxe":1,"stat.pickup.minecraft.wool":8,"stat.killEntity.Zombie":1,"stat.mineBlock.minecraft.stone":313,"stat.mineBlock.minecraft.gold_ore":9,"stat.mineBlock.minecraft.tallgrass":17,"stat.craftItem.minecraft.cooked_mutton":11,"stat.useItem.minecraft.beetroot":6,"stat.diveOneCm":2402,"stat.pickup.minecraft.wheat":6}