{"stat.walkOneCm":54061,"stat.craftItem.minecraft.bed":1,"stat.useItem.minecraft.torch":6,"stat.pickup.minecraft.stick":2,"stat.useItem.minecraft.potato":2,"stat.pickup.minecraft.arrow":2,"stat.pickup.minecraft.crafting_table":3,"stat.craftItem.minecraft.cooked_porkchop":18,"stat.craftItem.minecraft.crafting_table":1,"stat.furnaceInteraction":9,"stat.mineBlock.minecraft.double_plant":3,"stat.useItem.minecraft.cooked_porkchop":2,"stat.mineBlock.minecraft.coal_ore":28,"stat.useItem.minecraft.porkchop":2,"stat.pickup.minecraft.log":14,"stat.swimOneCm":1115,"stat.jump":565,"stat.pickup.minecraft.coal":28,"stat.fallOneCm":12077,"stat.useItem.minecraft.stone_axe":19,"stat.craftItem.minecraft.stone_slab2":0,"stat.pickup.minecraft.porkchop":32,"stat.crouchOneCm":1825,"stat.craftItem.minecraft.torch":28,"stat.craftItem.minecraft.iron_ingot":6,"stat.pickup.minecraft.dirt":12,"stat.useItem.minecraft.dirt":3,"stat.sprintOneCm":60328,"stat.useItem.minecraft.stone_slab2":9,"stat.craftItem.minecraft.stick":28,"stat.craftingTableInteraction":10,"stat.pickup.minecraft.iron_ore":6,"stat.pickup.minecraft.rotten_flesh":2,"stat.pickup.minecraft.beetroot":6,"stat.craftItem.minecraft.furnace":2,"stat.craftItem.minecraft.planks":24,"stat.craftItem.minecraft.stone_axe":1,"stat.useItem.minecraft.wheat_seeds":7,"stat.damageTaken":145,"stat.mineBlock.minecraft.crafting_table":3,"stat.craftItem.minecraft.stone_pickaxe":2,"stat.mineBlock.minecraft.torch":2,"stat.useItem.minecraft.wooden_pickaxe":3,"stat.useItem.minecraft.furnace":1,"stat.mobKills":27,"stat.pickup.minecraft.cobblestone":100,"stat.mineBlock.minecraft.log":12,"stat.pickup.minecraft.planks":2,"stat.craftItem.minecraft.stone_sword":1,"stat.flyOneCm":105597,"stat.pickup.minecraft.bed":3,"stat.pickup.minecraft.wheat_seeds":16,"stat.mineBlock.minecraft.leaves":1,"stat.pickup.minecraft.beetroot_seeds":11,"stat.pickup.minecraft.potato":7,"stat.playOneMinute":48384,"stat.pickup.minecraft.torch":2,"stat.useItem.minecraft.stone_pickaxe":132,"stat.killEntity.Sheep":8,"stat.useItem.minecraft.beetroot_seeds":6,"stat.sneakTime":1093,"stat.useItem.minecraft.stone_sword":60,"stat.craftItem.minecraft.iron_pickaxe":1,"stat.pickup.minecraft.wool":8,"stat.damageDealt":2619,"stat.mineBlock.minecraft.iron_ore":6,"stat.killEntity.Zombie":1,"stat.sleepInBed":2,"stat.timeSinceDeath":48384,"stat.mineBlock.minecraft.dirt":12,"stat.craftItem.minecraft.wooden_pickaxe":1,"stat.mineBlock.minecraft.stone":100,"stat.killEntity.Pig":18,"stat.mineBlock.minecraft.tallgrass":15,"stat.craftItem.minecraft.cooked_mutton":11,"stat.pickup.minecraft.mutton":31,"stat.useItem.minecraft.beetroot":6,"stat.diveOneCm":2402,"stat.pickup.minecraft.wheat":6}