{"stat.pickup.minecraft.rotten_flesh":2,"stat.walkOneCm":12970,"stat.craftItem.minecraft.planks":12,"stat.pickup.minecraft.stick":2,"stat.craftItem.minecraft.stone_axe":1,"stat.pickup.minecraft.crafting_table":1,"stat.damageTaken":125,"stat.mineBlock.minecraft.crafting_table":1,"stat.craftItem.minecraft.crafting_table":1,"stat.craftItem.minecraft.stone_pickaxe":1,"stat.useItem.minecraft.wooden_pickaxe":3,"stat.mobKills":1,"stat.pickup.minecraft.cobblestone":17,"stat.mineBlock.minecraft.log":3,"stat.pickup.minecraft.log":3,"stat.flyOneCm":7808,"stat.jump":87,"stat.playOneMinute":24084,"stat.fallOneCm":1881,"stat.useItem.minecraft.stone_pickaxe":14,"stat.sneakTime":95,"stat.useItem.minecraft.stone_axe":1,"stat.damageDealt":196,"stat.crouchOneCm":170,"stat.killEntity.Zombie":1,"stat.timeSinceDeath":24084,"stat.pickup.minecraft.dirt":9,"stat.useItem.minecraft.dirt":3,"stat.sprintOneCm":6269,"stat.mineBlock.minecraft.dirt":9,"stat.useItem.minecraft.stone_slab2":1,"stat.craftItem.minecraft.wooden_pickaxe":1,"stat.mineBlock.minecraft.stone":17,"stat.mineBlock.minecraft.tallgrass":4,"stat.craftItem.minecraft.stick":8,"stat.craftingTableInteraction":5}